DestinationID,Name,State,Type,Popularity,BestTimeToVisit,Weather
1,Taj Mahal,Uttar Pradesh,Historical,8.691906258695031,Nov-Feb,Hot
2,Goa Beaches,Goa,Beach,8.605031858363876,Nov-Mar,Warm
3,Jaipur City,Rajasthan,City,9.225372007612826,Oct-Mar,Moderate
4,Kerala Backwaters,Kerala,Nature,7.9773855361057935,Sep-Mar,Cool
5,Leh Ladakh,Jammu and Kashmir,Adventure,8.399821878316247,Apr-Jun,Cool
6,Taj Mahal,Uttar Pradesh,Historical,7.6489495441529245,Nov-Feb,Hot
7,Goa Beaches,Goa,Beach,9.14506834197403,Nov-Mar,Warm
8,Jaipur City,Rajasthan,City,9.4587045393854,Oct-Mar,Moderate
9,Kerala Backwaters,Kerala,Nature,9.260450137338132,Sep-Mar,Cool
10,Leh Ladakh,Jammu and Kashmir,Adventure,8.811952081678728,Apr-Jun,Cool
11,Taj Mahal,Uttar Pradesh,Historical,8.17770928252728,Nov-Feb,Hot
12,Goa Beaches,Goa,Beach,8.084317505906522,Nov-Mar,Warm
13,Jaipur City,Rajasthan,City,9.114721643188815,Oct-Mar,Moderate
14,Kerala Backwaters,Kerala,Nature,8.551426230833268,Sep-Mar,Cool
15,Leh Ladakh,Jammu and Kashmir,Adventure,9.297389086740504,Apr-Jun,Cool
16,Taj Mahal,Uttar Pradesh,Historical,8.337332881983857,Nov-Feb,Hot
17,Goa Beaches,Goa,Beach,7.524150401549511,Nov-Mar,Warm
18,Jaipur City,Rajasthan,City,8.332572923728481,Oct-Mar,Moderate
19,Kerala Backwaters,Kerala,Nature,9.01709023649701,Sep-Mar,Cool
20,Leh Ladakh,Jammu and Kashmir,Adventure,8.930902395039807,Apr-Jun,Cool
21,Taj Mahal,Uttar Pradesh,Historical,9.321865627407217,Nov-Feb,Hot
22,Goa Beaches,Goa,Beach,7.745073501266791,Nov-Mar,Warm
23,Jaipur City,Rajasthan,City,7.883349652185746,Oct-Mar,Moderate
24,Kerala Backwaters,Kerala,Nature,9.182423104129008,Sep-Mar,Cool
25,Leh Ladakh,Jammu and Kashmir,Adventure,9.416526131108329,Apr-Jun,Cool
26,Taj Mahal,Uttar Pradesh,Historical,9.088205553232354,Nov-Feb,Hot
27,Goa Beaches,Goa,Beach,7.504499933755479,Nov-Mar,Warm
28,Jaipur City,Rajasthan,City,8.471855314612888,Oct-Mar,Moderate
29,Kerala Backwaters,Kerala,Nature,8.320514389999829,Sep-Mar,Cool
30,Leh Ladakh,Jammu and Kashmir,Adventure,7.930637906720852,Apr-Jun,Cool
31,Taj Mahal,Uttar Pradesh,Historical,8.534267493855534,Nov-Feb,Hot
32,Goa Beaches,Goa,Beach,7.8063301955187105,Nov-Mar,Warm
33,Jaipur City,Rajasthan,City,7.684440449007848,Oct-Mar,Moderate
34,Kerala Backwaters,Kerala,Nature,8.206055639263237,Sep-Mar,Cool
35,Leh Ladakh,Jammu and Kashmir,Adventure,8.115627955366532,Apr-Jun,Cool
36,Taj Mahal,Uttar Pradesh,Historical,8.152769658316458,Nov-Feb,Hot
37,Goa Beaches,Goa,Beach,8.874757885859394,Nov-Mar,Warm
38,Jaipur City,Rajasthan,City,9.458687607787096,Oct-Mar,Moderate
39,Kerala Backwaters,Kerala,Nature,9.276722027226734,Sep-Mar,Cool
40,Leh Ladakh,Jammu and Kashmir,Adventure,9.451473447708324,Apr-Jun,Cool
41,Taj Mahal,Uttar Pradesh,Historical,9.45205627034071,Nov-Feb,Hot
42,Goa Beaches,Goa,Beach,8.854828172623169,Nov-Mar,Warm
43,Jaipur City,Rajasthan,City,8.935833780679161,Oct-Mar,Moderate
44,Kerala Backwaters,Kerala,Nature,8.844208014043545,Sep-Mar,Cool
45,Leh Ladakh,Jammu and Kashmir,Adventure,8.987615299121257,Apr-Jun,Cool
46,Taj Mahal,Uttar Pradesh,Historical,8.66663306287539,Nov-Feb,Hot
47,Goa Beaches,Goa,Beach,7.726020724706562,Nov-Mar,Warm
48,Jaipur City,Rajasthan,City,9.072662351480414,Oct-Mar,Moderate
49,Kerala Backwaters,Kerala,Nature,8.0159728308643,Sep-Mar,Cool
50,Leh Ladakh,Jammu and Kashmir,Adventure,8.18047732584072,Apr-Jun,Cool
51,Taj Mahal,Uttar Pradesh,Historical,8.329362264700663,Nov-Feb,Hot
52,Goa Beaches,Goa,Beach,8.298754590990846,Nov-Mar,Warm
53,Jaipur City,Rajasthan,City,8.399568313158765,Oct-Mar,Moderate
54,Kerala Backwaters,Kerala,Nature,8.116931496368345,Sep-Mar,Cool
55,Leh Ladakh,Jammu and Kashmir,Adventure,7.560629646730556,Apr-Jun,Cool
56,Taj Mahal,Uttar Pradesh,Historical,8.77933917498307,Nov-Feb,Hot
57,Goa Beaches,Goa,Beach,8.061326287087322,Nov-Mar,Warm
58,Jaipur City,Rajasthan,City,8.648115222412239,Oct-Mar,Moderate
59,Kerala Backwaters,Kerala,Nature,9.490122865222292,Sep-Mar,Cool
60,Leh Ladakh,Jammu and Kashmir,Adventure,8.090294276209098,Apr-Jun,Cool
61,Taj Mahal,Uttar Pradesh,Historical,9.255411351531992,Nov-Feb,Hot
62,Goa Beaches,Goa,Beach,9.379786903532915,Nov-Mar,Warm
63,Jaipur City,Rajasthan,City,9.202094230781736,Oct-Mar,Moderate
64,Kerala Backwaters,Kerala,Nature,7.995381521960635,Sep-Mar,Cool
65,Leh Ladakh,Jammu and Kashmir,Adventure,8.264285623199319,Apr-Jun,Cool
66,Taj Mahal,Uttar Pradesh,Historical,8.657185750902032,Nov-Feb,Hot
67,Goa Beaches,Goa,Beach,7.593468221686345,Nov-Mar,Warm
68,Jaipur City,Rajasthan,City,7.599766915318256,Oct-Mar,Moderate
69,Kerala Backwaters,Kerala,Nature,9.251449511759905,Sep-Mar,Cool
70,Leh Ladakh,Jammu and Kashmir,Adventure,8.302199786049163,Apr-Jun,Cool
71,Taj Mahal,Uttar Pradesh,Historical,7.918856059125499,Nov-Feb,Hot
72,Goa Beaches,Goa,Beach,9.49812898326928,Nov-Mar,Warm
73,Jaipur City,Rajasthan,City,9.365362186929548,Oct-Mar,Moderate
74,Kerala Backwaters,Kerala,Nature,8.61852560875922,Sep-Mar,Cool
75,Leh Ladakh,Jammu and Kashmir,Adventure,8.051674304536373,Apr-Jun,Cool
76,Taj Mahal,Uttar Pradesh,Historical,9.019776840711156,Nov-Feb,Hot
77,Goa Beaches,Goa,Beach,8.72436552320658,Nov-Mar,Warm
78,Jaipur City,Rajasthan,City,8.697245496090385,Oct-Mar,Moderate
79,Kerala Backwaters,Kerala,Nature,8.48262944456915,Sep-Mar,Cool
80,Leh Ladakh,Jammu and Kashmir,Adventure,9.167168852535996,Apr-Jun,Cool
81,Taj Mahal,Uttar Pradesh,Historical,8.113730398100675,Nov-Feb,Hot
82,Goa Beaches,Goa,Beach,8.067416540924038,Nov-Mar,Warm
83,Jaipur City,Rajasthan,City,9.25520276869782,Oct-Mar,Moderate
84,Kerala Backwaters,Kerala,Nature,9.33374854303011,Sep-Mar,Cool
85,Leh Ladakh,Jammu and Kashmir,Adventure,7.877439168200071,Apr-Jun,Cool
86,Taj Mahal,Uttar Pradesh,Historical,8.093807911279,Nov-Feb,Hot
87,Goa Beaches,Goa,Beach,8.322799778823294,Nov-Mar,Warm
88,Jaipur City,Rajasthan,City,9.018383603515831,Oct-Mar,Moderate
89,Kerala Backwaters,Kerala,Nature,8.686130970942902,Sep-Mar,Cool
90,Leh Ladakh,Jammu and Kashmir,Adventure,7.864848872360961,Apr-Jun,Cool
91,Taj Mahal,Uttar Pradesh,Historical,8.775155892425978,Nov-Feb,Hot
92,Goa Beaches,Goa,Beach,7.842354721882594,Nov-Mar,Warm
93,Jaipur City,Rajasthan,City,9.116298424696906,Oct-Mar,Moderate
94,Kerala Backwaters,Kerala,Nature,7.678657960181018,Sep-Mar,Cool
95,Leh Ladakh,Jammu and Kashmir,Adventure,8.18716561676901,Apr-Jun,Cool
96,Taj Mahal,Uttar Pradesh,Historical,8.984287702263758,Nov-Feb,Hot
97,Goa Beaches,Goa,Beach,8.882535315140167,Nov-Mar,Warm
98,Jaipur City,Rajasthan,City,7.511446246886857,Oct-Mar,Moderate
99,Kerala Backwaters,Kerala,Nature,8.154277486295694,Sep-Mar,Cool
100,Leh Ladakh,Jammu and Kashmir,Adventure,8.55062227154497,Apr-Jun,Cool
101,Taj Mahal,Uttar Pradesh,Historical,9.35787687156371,Nov-Feb,Hot
102,Goa Beaches,Goa,Beach,7.901206474541698,Nov-Mar,Warm
103,Jaipur City,Rajasthan,City,9.293866271159713,Oct-Mar,Moderate
104,Kerala Backwaters,Kerala,Nature,9.032056856576263,Sep-Mar,Cool
105,Leh Ladakh,Jammu and Kashmir,Adventure,9.367695620218187,Apr-Jun,Cool
106,Taj Mahal,Uttar Pradesh,Historical,8.494823560399388,Nov-Feb,Hot
107,Goa Beaches,Goa,Beach,8.670099991881528,Nov-Mar,Warm
108,Jaipur City,Rajasthan,City,8.180179995253692,Oct-Mar,Moderate
109,Kerala Backwaters,Kerala,Nature,8.024075275103758,Sep-Mar,Cool
110,Leh Ladakh,Jammu and Kashmir,Adventure,8.885980061188206,Apr-Jun,Cool
111,Taj Mahal,Uttar Pradesh,Historical,8.979764648904338,Nov-Feb,Hot
112,Goa Beaches,Goa,Beach,8.196505600821453,Nov-Mar,Warm
113,Jaipur City,Rajasthan,City,7.576534512918616,Oct-Mar,Moderate
114,Kerala Backwaters,Kerala,Nature,9.46714704036077,Sep-Mar,Cool
115,Leh Ladakh,Jammu and Kashmir,Adventure,8.717346793179837,Apr-Jun,Cool
116,Taj Mahal,Uttar Pradesh,Historical,8.636073233725135,Nov-Feb,Hot
117,Goa Beaches,Goa,Beach,9.21979801445382,Nov-Mar,Warm
118,Jaipur City,Rajasthan,City,7.69898565359074,Oct-Mar,Moderate
119,Kerala Backwaters,Kerala,Nature,8.953643159740016,Sep-Mar,Cool
120,Leh Ladakh,Jammu and Kashmir,Adventure,7.928950861748308,Apr-Jun,Cool
121,Taj Mahal,Uttar Pradesh,Historical,8.624112218256297,Nov-Feb,Hot
122,Goa Beaches,Goa,Beach,7.791202932648026,Nov-Mar,Warm
123,Jaipur City,Rajasthan,City,9.31595003961975,Oct-Mar,Moderate
124,Kerala Backwaters,Kerala,Nature,7.921320004258767,Sep-Mar,Cool
125,Leh Ladakh,Jammu and Kashmir,Adventure,8.13647203127079,Apr-Jun,Cool
126,Taj Mahal,Uttar Pradesh,Historical,8.271757062443388,Nov-Feb,Hot
127,Goa Beaches,Goa,Beach,8.132745077467629,Nov-Mar,Warm
128,Jaipur City,Rajasthan,City,7.513479447324053,Oct-Mar,Moderate
129,Kerala Backwaters,Kerala,Nature,9.066328357904666,Sep-Mar,Cool
130,Leh Ladakh,Jammu and Kashmir,Adventure,9.46063445778344,Apr-Jun,Cool
131,Taj Mahal,Uttar Pradesh,Historical,8.853926858989041,Nov-Feb,Hot
132,Goa Beaches,Goa,Beach,8.188672007745929,Nov-Mar,Warm
133,Jaipur City,Rajasthan,City,7.813559346844389,Oct-Mar,Moderate
134,Kerala Backwaters,Kerala,Nature,7.743269418238725,Sep-Mar,Cool
135,Leh Ladakh,Jammu and Kashmir,Adventure,9.398122784522716,Apr-Jun,Cool
136,Taj Mahal,Uttar Pradesh,Historical,8.15356207947505,Nov-Feb,Hot
137,Goa Beaches,Goa,Beach,8.863570277264008,Nov-Mar,Warm
138,Jaipur City,Rajasthan,City,9.195643436953048,Oct-Mar,Moderate
139,Kerala Backwaters,Kerala,Nature,8.426322913287258,Sep-Mar,Cool
140,Leh Ladakh,Jammu and Kashmir,Adventure,8.907807740975244,Apr-Jun,Cool
141,Taj Mahal,Uttar Pradesh,Historical,7.618133331669091,Nov-Feb,Hot
142,Goa Beaches,Goa,Beach,7.601039201109356,Nov-Mar,Warm
143,Jaipur City,Rajasthan,City,8.299735698712732,Oct-Mar,Moderate
144,Kerala Backwaters,Kerala,Nature,7.8305412284530735,Sep-Mar,Cool
145,Leh Ladakh,Jammu and Kashmir,Adventure,9.388011428887994,Apr-Jun,Cool
146,Taj Mahal,Uttar Pradesh,Historical,8.373844119971205,Nov-Feb,Hot
147,Goa Beaches,Goa,Beach,7.770934466715671,Nov-Mar,Warm
148,Jaipur City,Rajasthan,City,7.69274109154765,Oct-Mar,Moderate
149,Kerala Backwaters,Kerala,Nature,7.812523860815096,Sep-Mar,Cool
150,Leh Ladakh,Jammu and Kashmir,Adventure,8.863872329774836,Apr-Jun,Cool
151,Taj Mahal,Uttar Pradesh,Historical,9.450175079123191,Nov-Feb,Hot
152,Goa Beaches,Goa,Beach,9.000248319359416,Nov-Mar,Warm
153,Jaipur City,Rajasthan,City,9.072635913777948,Oct-Mar,Moderate
154,Kerala Backwaters,Kerala,Nature,9.48479754719289,Sep-Mar,Cool
155,Leh Ladakh,Jammu and Kashmir,Adventure,7.933121408559026,Apr-Jun,Cool
156,Taj Mahal,Uttar Pradesh,Historical,8.96758311752555,Nov-Feb,Hot
157,Goa Beaches,Goa,Beach,7.607643334351276,Nov-Mar,Warm
158,Jaipur City,Rajasthan,City,8.533439718586166,Oct-Mar,Moderate
159,Kerala Backwaters,Kerala,Nature,8.017566360422618,Sep-Mar,Cool
160,Leh Ladakh,Jammu and Kashmir,Adventure,8.0366846404497,Apr-Jun,Cool
161,Taj Mahal,Uttar Pradesh,Historical,7.738547101644033,Nov-Feb,Hot
162,Goa Beaches,Goa,Beach,7.5447704698175055,Nov-Mar,Warm
163,Jaipur City,Rajasthan,City,8.168780568830128,Oct-Mar,Moderate
164,Kerala Backwaters,Kerala,Nature,7.81836693407545,Sep-Mar,Cool
165,Leh Ladakh,Jammu and Kashmir,Adventure,7.554650204523121,Apr-Jun,Cool
166,Taj Mahal,Uttar Pradesh,Historical,7.967520190746358,Nov-Feb,Hot
167,Goa Beaches,Goa,Beach,9.1852981894065,Nov-Mar,Warm
168,Jaipur City,Rajasthan,City,7.634504263080543,Oct-Mar,Moderate
169,Kerala Backwaters,Kerala,Nature,7.686748942635202,Sep-Mar,Cool
170,Leh Ladakh,Jammu and Kashmir,Adventure,7.848982805962368,Apr-Jun,Cool
171,Taj Mahal,Uttar Pradesh,Historical,7.721043377213922,Nov-Feb,Hot
172,Goa Beaches,Goa,Beach,9.486279939461564,Nov-Mar,Warm
173,Jaipur City,Rajasthan,City,7.722252209890692,Oct-Mar,Moderate
174,Kerala Backwaters,Kerala,Nature,8.360692114959477,Sep-Mar,Cool
175,Leh Ladakh,Jammu and Kashmir,Adventure,8.866219313947683,Apr-Jun,Cool
176,Taj Mahal,Uttar Pradesh,Historical,8.165093921735247,Nov-Feb,Hot
177,Goa Beaches,Goa,Beach,9.446896779006565,Nov-Mar,Warm
178,Jaipur City,Rajasthan,City,8.544351694378236,Oct-Mar,Moderate
179,Kerala Backwaters,Kerala,Nature,8.299149270820505,Sep-Mar,Cool
180,Leh Ladakh,Jammu and Kashmir,Adventure,8.091363134430685,Apr-Jun,Cool
181,Taj Mahal,Uttar Pradesh,Historical,9.236840653145723,Nov-Feb,Hot
182,Goa Beaches,Goa,Beach,8.332585021952074,Nov-Mar,Warm
183,Jaipur City,Rajasthan,City,8.872498743885908,Oct-Mar,Moderate
184,Kerala Backwaters,Kerala,Nature,7.816345212118861,Sep-Mar,Cool
185,Leh Ladakh,Jammu and Kashmir,Adventure,8.242881342868039,Apr-Jun,Cool
186,Taj Mahal,Uttar Pradesh,Historical,8.118994457168691,Nov-Feb,Hot
187,Goa Beaches,Goa,Beach,8.843079930515232,Nov-Mar,Warm
188,Jaipur City,Rajasthan,City,8.202625978518912,Oct-Mar,Moderate
189,Kerala Backwaters,Kerala,Nature,8.649611762507414,Sep-Mar,Cool
190,Leh Ladakh,Jammu and Kashmir,Adventure,9.150588626183191,Apr-Jun,Cool
191,Taj Mahal,Uttar Pradesh,Historical,8.072256876114661,Nov-Feb,Hot
192,Goa Beaches,Goa,Beach,8.419905788920559,Nov-Mar,Warm
193,Jaipur City,Rajasthan,City,7.672819736516948,Oct-Mar,Moderate
194,Kerala Backwaters,Kerala,Nature,7.764994888805412,Sep-Mar,Cool
195,Leh Ladakh,Jammu and Kashmir,Adventure,9.09297245471366,Apr-Jun,Cool
196,Taj Mahal,Uttar Pradesh,Historical,8.393643741715653,Nov-Feb,Hot
197,Goa Beaches,Goa,Beach,9.433855269535494,Nov-Mar,Warm
198,Jaipur City,Rajasthan,City,8.25589320047637,Oct-Mar,Moderate
199,Kerala Backwaters,Kerala,Nature,9.112874173872637,Sep-Mar,Cool
200,Leh Ladakh,Jammu and Kashmir,Adventure,7.77167518972464,Apr-Jun,Cool
201,Taj Mahal,Uttar Pradesh,Historical,7.653509093644129,Nov-Feb,Hot
202,Goa Beaches,Goa,Beach,8.24671865641993,Nov-Mar,Warm
203,Jaipur City,Rajasthan,City,9.04284018561824,Oct-Mar,Moderate
204,Kerala Backwaters,Kerala,Nature,7.96348370355229,Sep-Mar,Cool
205,Leh Ladakh,Jammu and Kashmir,Adventure,8.456754675076878,Apr-Jun,Cool
206,Taj Mahal,Uttar Pradesh,Historical,9.282226276103572,Nov-Feb,Hot
207,Goa Beaches,Goa,Beach,8.560557283746103,Nov-Mar,Warm
208,Jaipur City,Rajasthan,City,9.232664943302456,Oct-Mar,Moderate
209,Kerala Backwaters,Kerala,Nature,7.650543289908463,Sep-Mar,Cool
210,Leh Ladakh,Jammu and Kashmir,Adventure,8.277611273067814,Apr-Jun,Cool
211,Taj Mahal,Uttar Pradesh,Historical,8.188261257930963,Nov-Feb,Hot
212,Goa Beaches,Goa,Beach,9.149424673009314,Nov-Mar,Warm
213,Jaipur City,Rajasthan,City,7.971646077114067,Oct-Mar,Moderate
214,Kerala Backwaters,Kerala,Nature,8.37824470003113,Sep-Mar,Cool
215,Leh Ladakh,Jammu and Kashmir,Adventure,7.584036611041155,Apr-Jun,Cool
216,Taj Mahal,Uttar Pradesh,Historical,9.36720219996661,Nov-Feb,Hot
217,Goa Beaches,Goa,Beach,9.14476464169103,Nov-Mar,Warm
218,Jaipur City,Rajasthan,City,9.034168574407344,Oct-Mar,Moderate
219,Kerala Backwaters,Kerala,Nature,9.23761035529466,Sep-Mar,Cool
220,Leh Ladakh,Jammu and Kashmir,Adventure,8.869504608299943,Apr-Jun,Cool
221,Taj Mahal,Uttar Pradesh,Historical,8.719051821566694,Nov-Feb,Hot
222,Goa Beaches,Goa,Beach,8.240843057485613,Nov-Mar,Warm
223,Jaipur City,Rajasthan,City,8.936949815863377,Oct-Mar,Moderate
224,Kerala Backwaters,Kerala,Nature,8.077912596148288,Sep-Mar,Cool
225,Leh Ladakh,Jammu and Kashmir,Adventure,8.793334588772431,Apr-Jun,Cool
226,Taj Mahal,Uttar Pradesh,Historical,7.721478393909334,Nov-Feb,Hot
227,Goa Beaches,Goa,Beach,8.882153318904079,Nov-Mar,Warm
228,Jaipur City,Rajasthan,City,8.534275498218907,Oct-Mar,Moderate
229,Kerala Backwaters,Kerala,Nature,7.603935909874509,Sep-Mar,Cool
230,Leh Ladakh,Jammu and Kashmir,Adventure,7.619039723254248,Apr-Jun,Cool
231,Taj Mahal,Uttar Pradesh,Historical,7.788256139986302,Nov-Feb,Hot
232,Goa Beaches,Goa,Beach,8.789144742286863,Nov-Mar,Warm
233,Jaipur City,Rajasthan,City,7.782973981393143,Oct-Mar,Moderate
234,Kerala Backwaters,Kerala,Nature,9.420960540403104,Sep-Mar,Cool
235,Leh Ladakh,Jammu and Kashmir,Adventure,8.734064597506109,Apr-Jun,Cool
236,Taj Mahal,Uttar Pradesh,Historical,8.42477279242355,Nov-Feb,Hot
237,Goa Beaches,Goa,Beach,8.160740974111713,Nov-Mar,Warm
238,Jaipur City,Rajasthan,City,8.127785896913094,Oct-Mar,Moderate
239,Kerala Backwaters,Kerala,Nature,8.757659224866991,Sep-Mar,Cool
240,Leh Ladakh,Jammu and Kashmir,Adventure,8.51845220238507,Apr-Jun,Cool
241,Taj Mahal,Uttar Pradesh,Historical,7.668642704912232,Nov-Feb,Hot
242,Goa Beaches,Goa,Beach,9.164688152340853,Nov-Mar,Warm
243,Jaipur City,Rajasthan,City,9.068862539358657,Oct-Mar,Moderate
244,Kerala Backwaters,Kerala,Nature,9.011521245140806,Sep-Mar,Cool
245,Leh Ladakh,Jammu and Kashmir,Adventure,9.459953313645835,Apr-Jun,Cool
246,Taj Mahal,Uttar Pradesh,Historical,8.617311411386703,Nov-Feb,Hot
247,Goa Beaches,Goa,Beach,9.153509849210488,Nov-Mar,Warm
248,Jaipur City,Rajasthan,City,7.879027092891848,Oct-Mar,Moderate
249,Kerala Backwaters,Kerala,Nature,8.89428404394321,Sep-Mar,Cool
250,Leh Ladakh,Jammu and Kashmir,Adventure,9.151090722807776,Apr-Jun,Cool
251,Taj Mahal,Uttar Pradesh,Historical,8.041916757088895,Nov-Feb,Hot
252,Goa Beaches,Goa,Beach,8.836459649194737,Nov-Mar,Warm
253,Jaipur City,Rajasthan,City,8.125034098865065,Oct-Mar,Moderate
254,Kerala Backwaters,Kerala,Nature,9.143167495034348,Sep-Mar,Cool
255,Leh Ladakh,Jammu and Kashmir,Adventure,8.59789687012441,Apr-Jun,Cool
256,Taj Mahal,Uttar Pradesh,Historical,8.403655361533389,Nov-Feb,Hot
257,Goa Beaches,Goa,Beach,8.284116199094758,Nov-Mar,Warm
258,Jaipur City,Rajasthan,City,7.617165381372276,Oct-Mar,Moderate
259,Kerala Backwaters,Kerala,Nature,8.382675748307422,Sep-Mar,Cool
260,Leh Ladakh,Jammu and Kashmir,Adventure,7.917003558302456,Apr-Jun,Cool
261,Taj Mahal,Uttar Pradesh,Historical,8.083688761192684,Nov-Feb,Hot
262,Goa Beaches,Goa,Beach,7.758783397757156,Nov-Mar,Warm
263,Jaipur City,Rajasthan,City,9.407835019184882,Oct-Mar,Moderate
264,Kerala Backwaters,Kerala,Nature,8.025088514803304,Sep-Mar,Cool
265,Leh Ladakh,Jammu and Kashmir,Adventure,9.1417227262193,Apr-Jun,Cool
266,Taj Mahal,Uttar Pradesh,Historical,8.91877315803813,Nov-Feb,Hot
267,Goa Beaches,Goa,Beach,8.813848708103913,Nov-Mar,Warm
268,Jaipur City,Rajasthan,City,8.015626863328043,Oct-Mar,Moderate
269,Kerala Backwaters,Kerala,Nature,7.588087849193326,Sep-Mar,Cool
270,Leh Ladakh,Jammu and Kashmir,Adventure,8.434929744953086,Apr-Jun,Cool
271,Taj Mahal,Uttar Pradesh,Historical,9.23228996203718,Nov-Feb,Hot
272,Goa Beaches,Goa,Beach,7.935193696560209,Nov-Mar,Warm
273,Jaipur City,Rajasthan,City,9.324373462793442,Oct-Mar,Moderate
274,Kerala Backwaters,Kerala,Nature,7.777024607207728,Sep-Mar,Cool
275,Leh Ladakh,Jammu and Kashmir,Adventure,8.388578037562013,Apr-Jun,Cool
276,Taj Mahal,Uttar Pradesh,Historical,7.591070676890291,Nov-Feb,Hot
277,Goa Beaches,Goa,Beach,8.694303252963497,Nov-Mar,Warm
278,Jaipur City,Rajasthan,City,9.120385789350228,Oct-Mar,Moderate
279,Kerala Backwaters,Kerala,Nature,7.841206949727761,Sep-Mar,Cool
280,Leh Ladakh,Jammu and Kashmir,Adventure,7.639341731351649,Apr-Jun,Cool
281,Taj Mahal,Uttar Pradesh,Historical,9.43086446632471,Nov-Feb,Hot
282,Goa Beaches,Goa,Beach,8.888987617087139,Nov-Mar,Warm
283,Jaipur City,Rajasthan,City,8.219242611520933,Oct-Mar,Moderate
284,Kerala Backwaters,Kerala,Nature,9.01486652208098,Sep-Mar,Cool
285,Leh Ladakh,Jammu and Kashmir,Adventure,8.992391383757372,Apr-Jun,Cool
286,Taj Mahal,Uttar Pradesh,Historical,9.362001470283614,Nov-Feb,Hot
287,Goa Beaches,Goa,Beach,9.171525350501778,Nov-Mar,Warm
288,Jaipur City,Rajasthan,City,8.1727822883656,Oct-Mar,Moderate
289,Kerala Backwaters,Kerala,Nature,7.844009444111711,Sep-Mar,Cool
290,Leh Ladakh,Jammu and Kashmir,Adventure,7.934186545996741,Apr-Jun,Cool
291,Taj Mahal,Uttar Pradesh,Historical,8.571800372009168,Nov-Feb,Hot
292,Goa Beaches,Goa,Beach,8.259128922273915,Nov-Mar,Warm
293,Jaipur City,Rajasthan,City,7.534360802624437,Oct-Mar,Moderate
294,Kerala Backwaters,Kerala,Nature,8.553046939554307,Sep-Mar,Cool
295,Leh Ladakh,Jammu and Kashmir,Adventure,9.301807912303714,Apr-Jun,Cool
296,Taj Mahal,Uttar Pradesh,Historical,8.01345163279451,Nov-Feb,Hot
297,Goa Beaches,Goa,Beach,7.633292996550987,Nov-Mar,Warm
298,Jaipur City,Rajasthan,City,8.804695152197962,Oct-Mar,Moderate
299,Kerala Backwaters,Kerala,Nature,8.966364802325172,Sep-Mar,Cool
300,Leh Ladakh,Jammu and Kashmir,Adventure,7.799198881540521,Apr-Jun,Cool
301,Taj Mahal,Uttar Pradesh,Historical,8.634308850859137,Nov-Feb,Hot
302,Goa Beaches,Goa,Beach,7.64928107708147,Nov-Mar,Warm
303,Jaipur City,Rajasthan,City,9.356796584275807,Oct-Mar,Moderate
304,Kerala Backwaters,Kerala,Nature,8.61120828898768,Sep-Mar,Cool
305,Leh Ladakh,Jammu and Kashmir,Adventure,8.111872493591813,Apr-Jun,Cool
306,Taj Mahal,Uttar Pradesh,Historical,8.4480644643696,Nov-Feb,Hot
307,Goa Beaches,Goa,Beach,8.41986035294417,Nov-Mar,Warm
308,Jaipur City,Rajasthan,City,8.122052827503532,Oct-Mar,Moderate
309,Kerala Backwaters,Kerala,Nature,8.122685722841448,Sep-Mar,Cool
310,Leh Ladakh,Jammu and Kashmir,Adventure,7.862071974081125,Apr-Jun,Cool
311,Taj Mahal,Uttar Pradesh,Historical,8.093952306204637,Nov-Feb,Hot
312,Goa Beaches,Goa,Beach,7.923067612961262,Nov-Mar,Warm
313,Jaipur City,Rajasthan,City,8.160495549722198,Oct-Mar,Moderate
314,Kerala Backwaters,Kerala,Nature,7.923207093856658,Sep-Mar,Cool
315,Leh Ladakh,Jammu and Kashmir,Adventure,7.746686189763855,Apr-Jun,Cool
316,Taj Mahal,Uttar Pradesh,Historical,8.03328074273946,Nov-Feb,Hot
317,Goa Beaches,Goa,Beach,8.61779577553025,Nov-Mar,Warm
318,Jaipur City,Rajasthan,City,7.79913244942954,Oct-Mar,Moderate
319,Kerala Backwaters,Kerala,Nature,8.84963555984027,Sep-Mar,Cool
320,Leh Ladakh,Jammu and Kashmir,Adventure,8.353685271308148,Apr-Jun,Cool
321,Taj Mahal,Uttar Pradesh,Historical,9.146376228258996,Nov-Feb,Hot
322,Goa Beaches,Goa,Beach,7.875971584786738,Nov-Mar,Warm
323,Jaipur City,Rajasthan,City,8.130587468948864,Oct-Mar,Moderate
324,Kerala Backwaters,Kerala,Nature,7.662104838922936,Sep-Mar,Cool
325,Leh Ladakh,Jammu and Kashmir,Adventure,7.767402106418881,Apr-Jun,Cool
326,Taj Mahal,Uttar Pradesh,Historical,8.206421939119537,Nov-Feb,Hot
327,Goa Beaches,Goa,Beach,8.382390141309063,Nov-Mar,Warm
328,Jaipur City,Rajasthan,City,8.631489840212462,Oct-Mar,Moderate
329,Kerala Backwaters,Kerala,Nature,8.214897900478032,Sep-Mar,Cool
330,Leh Ladakh,Jammu and Kashmir,Adventure,7.63573528781037,Apr-Jun,Cool
331,Taj Mahal,Uttar Pradesh,Historical,9.082935360672389,Nov-Feb,Hot
332,Goa Beaches,Goa,Beach,8.942874660350423,Nov-Mar,Warm
333,Jaipur City,Rajasthan,City,7.632343966795443,Oct-Mar,Moderate
334,Kerala Backwaters,Kerala,Nature,8.710665370439624,Sep-Mar,Cool
335,Leh Ladakh,Jammu and Kashmir,Adventure,9.310237104496576,Apr-Jun,Cool
336,Taj Mahal,Uttar Pradesh,Historical,9.26879230848542,Nov-Feb,Hot
337,Goa Beaches,Goa,Beach,8.576362703436722,Nov-Mar,Warm
338,Jaipur City,Rajasthan,City,8.139654822360953,Oct-Mar,Moderate
339,Kerala Backwaters,Kerala,Nature,8.568613099478302,Sep-Mar,Cool
340,Leh Ladakh,Jammu and Kashmir,Adventure,9.051578730223218,Apr-Jun,Cool
341,Taj Mahal,Uttar Pradesh,Historical,8.408281456588794,Nov-Feb,Hot
342,Goa Beaches,Goa,Beach,9.379923842860553,Nov-Mar,Warm
343,Jaipur City,Rajasthan,City,7.873481445510227,Oct-Mar,Moderate
344,Kerala Backwaters,Kerala,Nature,9.162324692301334,Sep-Mar,Cool
345,Leh Ladakh,Jammu and Kashmir,Adventure,9.315488065792977,Apr-Jun,Cool
346,Taj Mahal,Uttar Pradesh,Historical,8.969950615777162,Nov-Feb,Hot
347,Goa Beaches,Goa,Beach,7.920959927553192,Nov-Mar,Warm
348,Jaipur City,Rajasthan,City,8.013552975522641,Oct-Mar,Moderate
349,Kerala Backwaters,Kerala,Nature,8.18621530520951,Sep-Mar,Cool
350,Leh Ladakh,Jammu and Kashmir,Adventure,7.950916521545693,Apr-Jun,Cool
351,Taj Mahal,Uttar Pradesh,Historical,8.488999182063221,Nov-Feb,Hot
352,Goa Beaches,Goa,Beach,7.946596794608405,Nov-Mar,Warm
353,Jaipur City,Rajasthan,City,9.29747082018926,Oct-Mar,Moderate
354,Kerala Backwaters,Kerala,Nature,7.760694703272286,Sep-Mar,Cool
355,Leh Ladakh,Jammu and Kashmir,Adventure,8.057546789498799,Apr-Jun,Cool
356,Taj Mahal,Uttar Pradesh,Historical,8.606176983767309,Nov-Feb,Hot
357,Goa Beaches,Goa,Beach,8.314502184896275,Nov-Mar,Warm
358,Jaipur City,Rajasthan,City,7.738761292909418,Oct-Mar,Moderate
359,Kerala Backwaters,Kerala,Nature,7.832207353651939,Sep-Mar,Cool
360,Leh Ladakh,Jammu and Kashmir,Adventure,8.117132891287836,Apr-Jun,Cool
361,Taj Mahal,Uttar Pradesh,Historical,8.134764369094412,Nov-Feb,Hot
362,Goa Beaches,Goa,Beach,8.908499371844,Nov-Mar,Warm
363,Jaipur City,Rajasthan,City,8.857005319987184,Oct-Mar,Moderate
364,Kerala Backwaters,Kerala,Nature,8.029543990563425,Sep-Mar,Cool
365,Leh Ladakh,Jammu and Kashmir,Adventure,8.878382688353271,Apr-Jun,Cool
366,Taj Mahal,Uttar Pradesh,Historical,9.266030293290664,Nov-Feb,Hot
367,Goa Beaches,Goa,Beach,8.445148546462805,Nov-Mar,Warm
368,Jaipur City,Rajasthan,City,8.00825181627746,Oct-Mar,Moderate
369,Kerala Backwaters,Kerala,Nature,7.526677667953975,Sep-Mar,Cool
370,Leh Ladakh,Jammu and Kashmir,Adventure,8.35737821975577,Apr-Jun,Cool
371,Taj Mahal,Uttar Pradesh,Historical,8.32089647558579,Nov-Feb,Hot
372,Goa Beaches,Goa,Beach,7.824610910350504,Nov-Mar,Warm
373,Jaipur City,Rajasthan,City,9.276956975859664,Oct-Mar,Moderate
374,Kerala Backwaters,Kerala,Nature,9.27098132194643,Sep-Mar,Cool
375,Leh Ladakh,Jammu and Kashmir,Adventure,8.44823537077092,Apr-Jun,Cool
376,Taj Mahal,Uttar Pradesh,Historical,9.483879397405463,Nov-Feb,Hot
377,Goa Beaches,Goa,Beach,7.92228615054826,Nov-Mar,Warm
378,Jaipur City,Rajasthan,City,9.36474701059834,Oct-Mar,Moderate
379,Kerala Backwaters,Kerala,Nature,7.710901822596214,Sep-Mar,Cool
380,Leh Ladakh,Jammu and Kashmir,Adventure,8.658172608842527,Apr-Jun,Cool
381,Taj Mahal,Uttar Pradesh,Historical,9.30052503102598,Nov-Feb,Hot
382,Goa Beaches,Goa,Beach,8.487140997084705,Nov-Mar,Warm
383,Jaipur City,Rajasthan,City,8.70695511642636,Oct-Mar,Moderate
384,Kerala Backwaters,Kerala,Nature,8.63256261554465,Sep-Mar,Cool
385,Leh Ladakh,Jammu and Kashmir,Adventure,8.051203902011398,Apr-Jun,Cool
386,Taj Mahal,Uttar Pradesh,Historical,9.46333200145262,Nov-Feb,Hot
387,Goa Beaches,Goa,Beach,8.763403696969464,Nov-Mar,Warm
388,Jaipur City,Rajasthan,City,9.151665484353009,Oct-Mar,Moderate
389,Kerala Backwaters,Kerala,Nature,9.40914617773771,Sep-Mar,Cool
390,Leh Ladakh,Jammu and Kashmir,Adventure,8.854728503825909,Apr-Jun,Cool
391,Taj Mahal,Uttar Pradesh,Historical,8.937176476917816,Nov-Feb,Hot
392,Goa Beaches,Goa,Beach,8.65903274744209,Nov-Mar,Warm
393,Jaipur City,Rajasthan,City,8.429521721872453,Oct-Mar,Moderate
394,Kerala Backwaters,Kerala,Nature,8.884525796968724,Sep-Mar,Cool
395,Leh Ladakh,Jammu and Kashmir,Adventure,8.879069809066051,Apr-Jun,Cool
396,Taj Mahal,Uttar Pradesh,Historical,9.113864702192004,Nov-Feb,Hot
397,Goa Beaches,Goa,Beach,8.739477476072606,Nov-Mar,Warm
398,Jaipur City,Rajasthan,City,8.33295003386784,Oct-Mar,Moderate
399,Kerala Backwaters,Kerala,Nature,8.376325562448297,Sep-Mar,Cool
400,Leh Ladakh,Jammu and Kashmir,Adventure,9.120122756229376,Apr-Jun,Cool
401,Taj Mahal,Uttar Pradesh,Historical,8.033376557417458,Nov-Feb,Hot
402,Goa Beaches,Goa,Beach,8.050919516333472,Nov-Mar,Warm
403,Jaipur City,Rajasthan,City,8.578600554982318,Oct-Mar,Moderate
404,Kerala Backwaters,Kerala,Nature,9.28938699420442,Sep-Mar,Cool
405,Leh Ladakh,Jammu and Kashmir,Adventure,8.266309519533893,Apr-Jun,Cool
406,Taj Mahal,Uttar Pradesh,Historical,8.13824601276976,Nov-Feb,Hot
407,Goa Beaches,Goa,Beach,8.685967653034197,Nov-Mar,Warm
408,Jaipur City,Rajasthan,City,7.789753610332566,Oct-Mar,Moderate
409,Kerala Backwaters,Kerala,Nature,7.695324251011531,Sep-Mar,Cool
410,Leh Ladakh,Jammu and Kashmir,Adventure,9.056239628784924,Apr-Jun,Cool
411,Taj Mahal,Uttar Pradesh,Historical,8.284126727805766,Nov-Feb,Hot
412,Goa Beaches,Goa,Beach,8.056589740959444,Nov-Mar,Warm
413,Jaipur City,Rajasthan,City,9.164900243709798,Oct-Mar,Moderate
414,Kerala Backwaters,Kerala,Nature,8.41852933200488,Sep-Mar,Cool
415,Leh Ladakh,Jammu and Kashmir,Adventure,8.650437608917823,Apr-Jun,Cool
416,Taj Mahal,Uttar Pradesh,Historical,9.327014780224204,Nov-Feb,Hot
417,Goa Beaches,Goa,Beach,7.799317152894507,Nov-Mar,Warm
418,Jaipur City,Rajasthan,City,8.571570122764205,Oct-Mar,Moderate
419,Kerala Backwaters,Kerala,Nature,8.165654259803166,Sep-Mar,Cool
420,Leh Ladakh,Jammu and Kashmir,Adventure,9.333012518480867,Apr-Jun,Cool
421,Taj Mahal,Uttar Pradesh,Historical,8.912423770627766,Nov-Feb,Hot
422,Goa Beaches,Goa,Beach,7.9629327439636866,Nov-Mar,Warm
423,Jaipur City,Rajasthan,City,8.427042499188698,Oct-Mar,Moderate
424,Kerala Backwaters,Kerala,Nature,8.016517304482331,Sep-Mar,Cool
425,Leh Ladakh,Jammu and Kashmir,Adventure,7.677908499077882,Apr-Jun,Cool
426,Taj Mahal,Uttar Pradesh,Historical,7.742346085788473,Nov-Feb,Hot
427,Goa Beaches,Goa,Beach,8.049399731297333,Nov-Mar,Warm
428,Jaipur City,Rajasthan,City,9.229663135604667,Oct-Mar,Moderate
429,Kerala Backwaters,Kerala,Nature,8.186484600129791,Sep-Mar,Cool
430,Leh Ladakh,Jammu and Kashmir,Adventure,7.528160810117106,Apr-Jun,Cool
431,Taj Mahal,Uttar Pradesh,Historical,8.45973062297419,Nov-Feb,Hot
432,Goa Beaches,Goa,Beach,8.839626409332572,Nov-Mar,Warm
433,Jaipur City,Rajasthan,City,8.683728793384567,Oct-Mar,Moderate
434,Kerala Backwaters,Kerala,Nature,8.707253748746416,Sep-Mar,Cool
435,Leh Ladakh,Jammu and Kashmir,Adventure,8.316001911390781,Apr-Jun,Cool
436,Taj Mahal,Uttar Pradesh,Historical,7.728114076451941,Nov-Feb,Hot
437,Goa Beaches,Goa,Beach,7.987106149468621,Nov-Mar,Warm
438,Jaipur City,Rajasthan,City,8.465558405614521,Oct-Mar,Moderate
439,Kerala Backwaters,Kerala,Nature,8.208388595361088,Sep-Mar,Cool
440,Leh Ladakh,Jammu and Kashmir,Adventure,8.224548104826292,Apr-Jun,Cool
441,Taj Mahal,Uttar Pradesh,Historical,7.865953290683349,Nov-Feb,Hot
442,Goa Beaches,Goa,Beach,8.459808776651839,Nov-Mar,Warm
443,Jaipur City,Rajasthan,City,9.225300608752708,Oct-Mar,Moderate
444,Kerala Backwaters,Kerala,Nature,8.308543307938688,Sep-Mar,Cool
445,Leh Ladakh,Jammu and Kashmir,Adventure,7.845173227424654,Apr-Jun,Cool
446,Taj Mahal,Uttar Pradesh,Historical,8.09180966649682,Nov-Feb,Hot
447,Goa Beaches,Goa,Beach,8.888745118422108,Nov-Mar,Warm
448,Jaipur City,Rajasthan,City,8.531272858594322,Oct-Mar,Moderate
449,Kerala Backwaters,Kerala,Nature,7.900632192964087,Sep-Mar,Cool
450,Leh Ladakh,Jammu and Kashmir,Adventure,8.390879272653267,Apr-Jun,Cool
451,Taj Mahal,Uttar Pradesh,Historical,7.948981237202266,Nov-Feb,Hot
452,Goa Beaches,Goa,Beach,7.710238850545792,Nov-Mar,Warm
453,Jaipur City,Rajasthan,City,8.426026820095585,Oct-Mar,Moderate
454,Kerala Backwaters,Kerala,Nature,8.250765565651493,Sep-Mar,Cool
455,Leh Ladakh,Jammu and Kashmir,Adventure,7.889359194048391,Apr-Jun,Cool
456,Taj Mahal,Uttar Pradesh,Historical,7.509850241166378,Nov-Feb,Hot
457,Goa Beaches,Goa,Beach,9.348468751483985,Nov-Mar,Warm
458,Jaipur City,Rajasthan,City,9.04884504620765,Oct-Mar,Moderate
459,Kerala Backwaters,Kerala,Nature,8.231034030468606,Sep-Mar,Cool
460,Leh Ladakh,Jammu and Kashmir,Adventure,8.25449220912482,Apr-Jun,Cool
461,Taj Mahal,Uttar Pradesh,Historical,8.54049334743632,Nov-Feb,Hot
462,Goa Beaches,Goa,Beach,7.625998220803341,Nov-Mar,Warm
463,Jaipur City,Rajasthan,City,8.981270231292,Oct-Mar,Moderate
464,Kerala Backwaters,Kerala,Nature,8.555128223838274,Sep-Mar,Cool
465,Leh Ladakh,Jammu and Kashmir,Adventure,7.761543597697145,Apr-Jun,Cool
466,Taj Mahal,Uttar Pradesh,Historical,8.25089870590044,Nov-Feb,Hot
467,Goa Beaches,Goa,Beach,8.025486409324685,Nov-Mar,Warm
468,Jaipur City,Rajasthan,City,9.47910151784028,Oct-Mar,Moderate
469,Kerala Backwaters,Kerala,Nature,8.661784765251305,Sep-Mar,Cool
470,Leh Ladakh,Jammu and Kashmir,Adventure,8.93195095213289,Apr-Jun,Cool
471,Taj Mahal,Uttar Pradesh,Historical,9.431015219195524,Nov-Feb,Hot
472,Goa Beaches,Goa,Beach,9.276219098262825,Nov-Mar,Warm
473,Jaipur City,Rajasthan,City,8.138557734045776,Oct-Mar,Moderate
474,Kerala Backwaters,Kerala,Nature,7.780303814451599,Sep-Mar,Cool
475,Leh Ladakh,Jammu and Kashmir,Adventure,8.439314463538002,Apr-Jun,Cool
476,Taj Mahal,Uttar Pradesh,Historical,8.59393285581819,Nov-Feb,Hot
477,Goa Beaches,Goa,Beach,9.061411819218064,Nov-Mar,Warm
478,Jaipur City,Rajasthan,City,8.746027540435104,Oct-Mar,Moderate
479,Kerala Backwaters,Kerala,Nature,8.432522163463709,Sep-Mar,Cool
480,Leh Ladakh,Jammu and Kashmir,Adventure,9.183226466821637,Apr-Jun,Cool
481,Taj Mahal,Uttar Pradesh,Historical,8.347502107586056,Nov-Feb,Hot
482,Goa Beaches,Goa,Beach,7.948762856954323,Nov-Mar,Warm
483,Jaipur City,Rajasthan,City,9.187132541918034,Oct-Mar,Moderate
484,Kerala Backwaters,Kerala,Nature,8.361380335928295,Sep-Mar,Cool
485,Leh Ladakh,Jammu and Kashmir,Adventure,9.307482015375824,Apr-Jun,Cool
486,Taj Mahal,Uttar Pradesh,Historical,9.2500304022815,Nov-Feb,Hot
487,Goa Beaches,Goa,Beach,8.062331360639273,Nov-Mar,Warm
488,Jaipur City,Rajasthan,City,8.654607164170207,Oct-Mar,Moderate
489,Kerala Backwaters,Kerala,Nature,8.63372498272289,Sep-Mar,Cool
490,Leh Ladakh,Jammu and Kashmir,Adventure,8.387349596378451,Apr-Jun,Cool
491,Taj Mahal,Uttar Pradesh,Historical,8.20803233304684,Nov-Feb,Hot
492,Goa Beaches,Goa,Beach,8.1282869592547,Nov-Mar,Warm
493,Jaipur City,Rajasthan,City,8.878936494411294,Oct-Mar,Moderate
494,Kerala Backwaters,Kerala,Nature,8.937812540340415,Sep-Mar,Cool
495,Leh Ladakh,Jammu and Kashmir,Adventure,8.414265880762033,Apr-Jun,Cool
496,Taj Mahal,Uttar Pradesh,Historical,8.265509612154226,Nov-Feb,Hot
497,Goa Beaches,Goa,Beach,8.698828827904826,Nov-Mar,Warm
498,Jaipur City,Rajasthan,City,9.324413281531497,Oct-Mar,Moderate
499,Kerala Backwaters,Kerala,Nature,9.26496476298098,Sep-Mar,Cool
500,Leh Ladakh,Jammu and Kashmir,Adventure,8.940107797681996,Apr-Jun,Cool
501,Taj Mahal,Uttar Pradesh,Historical,8.43779797890401,Nov-Feb,Hot
502,Goa Beaches,Goa,Beach,9.314545773276503,Nov-Mar,Warm
503,Jaipur City,Rajasthan,City,8.918823544059974,Oct-Mar,Moderate
504,Kerala Backwaters,Kerala,Nature,7.992592263408194,Sep-Mar,Cool
505,Leh Ladakh,Jammu and Kashmir,Adventure,8.07869796905618,Apr-Jun,Cool
506,Taj Mahal,Uttar Pradesh,Historical,8.510029536153398,Nov-Feb,Hot
507,Goa Beaches,Goa,Beach,8.240547501092525,Nov-Mar,Warm
508,Jaipur City,Rajasthan,City,9.43596338151704,Oct-Mar,Moderate
509,Kerala Backwaters,Kerala,Nature,9.25204552164384,Sep-Mar,Cool
510,Leh Ladakh,Jammu and Kashmir,Adventure,9.380186804036049,Apr-Jun,Cool
511,Taj Mahal,Uttar Pradesh,Historical,9.219575248565713,Nov-Feb,Hot
512,Goa Beaches,Goa,Beach,9.222486404593646,Nov-Mar,Warm
513,Jaipur City,Rajasthan,City,9.319083493307607,Oct-Mar,Moderate
514,Kerala Backwaters,Kerala,Nature,7.980635862122308,Sep-Mar,Cool
515,Leh Ladakh,Jammu and Kashmir,Adventure,9.481318666573411,Apr-Jun,Cool
516,Taj Mahal,Uttar Pradesh,Historical,7.890656667652207,Nov-Feb,Hot
517,Goa Beaches,Goa,Beach,8.715019439382655,Nov-Mar,Warm
518,Jaipur City,Rajasthan,City,8.92790148381448,Oct-Mar,Moderate
519,Kerala Backwaters,Kerala,Nature,7.772507901461253,Sep-Mar,Cool
520,Leh Ladakh,Jammu and Kashmir,Adventure,8.521876495404149,Apr-Jun,Cool
521,Taj Mahal,Uttar Pradesh,Historical,9.073609022110247,Nov-Feb,Hot
522,Goa Beaches,Goa,Beach,8.486706784627046,Nov-Mar,Warm
523,Jaipur City,Rajasthan,City,8.998307150645953,Oct-Mar,Moderate
524,Kerala Backwaters,Kerala,Nature,8.207456170247866,Sep-Mar,Cool
525,Leh Ladakh,Jammu and Kashmir,Adventure,8.090624068994547,Apr-Jun,Cool
526,Taj Mahal,Uttar Pradesh,Historical,8.798076955318615,Nov-Feb,Hot
527,Goa Beaches,Goa,Beach,9.240920636796004,Nov-Mar,Warm
528,Jaipur City,Rajasthan,City,8.564171557585537,Oct-Mar,Moderate
529,Kerala Backwaters,Kerala,Nature,7.726465986904015,Sep-Mar,Cool
530,Leh Ladakh,Jammu and Kashmir,Adventure,9.135320166568894,Apr-Jun,Cool
531,Taj Mahal,Uttar Pradesh,Historical,7.819012402589374,Nov-Feb,Hot
532,Goa Beaches,Goa,Beach,8.988127174492362,Nov-Mar,Warm
533,Jaipur City,Rajasthan,City,7.692409735196847,Oct-Mar,Moderate
534,Kerala Backwaters,Kerala,Nature,8.181851282648088,Sep-Mar,Cool
535,Leh Ladakh,Jammu and Kashmir,Adventure,9.177624039641806,Apr-Jun,Cool
536,Taj Mahal,Uttar Pradesh,Historical,9.05646084632939,Nov-Feb,Hot
537,Goa Beaches,Goa,Beach,9.187047298341549,Nov-Mar,Warm
538,Jaipur City,Rajasthan,City,8.61290957770994,Oct-Mar,Moderate
539,Kerala Backwaters,Kerala,Nature,8.945958184370141,Sep-Mar,Cool
540,Leh Ladakh,Jammu and Kashmir,Adventure,8.310861660543809,Apr-Jun,Cool
541,Taj Mahal,Uttar Pradesh,Historical,8.299700198889736,Nov-Feb,Hot
542,Goa Beaches,Goa,Beach,8.682101749793983,Nov-Mar,Warm
543,Jaipur City,Rajasthan,City,8.997155930746766,Oct-Mar,Moderate
544,Kerala Backwaters,Kerala,Nature,8.517940732286046,Sep-Mar,Cool
545,Leh Ladakh,Jammu and Kashmir,Adventure,7.661289356429886,Apr-Jun,Cool
546,Taj Mahal,Uttar Pradesh,Historical,8.99406731089834,Nov-Feb,Hot
547,Goa Beaches,Goa,Beach,8.645510418904573,Nov-Mar,Warm
548,Jaipur City,Rajasthan,City,8.086168021757981,Oct-Mar,Moderate
549,Kerala Backwaters,Kerala,Nature,9.251772000884309,Sep-Mar,Cool
550,Leh Ladakh,Jammu and Kashmir,Adventure,8.747376070548807,Apr-Jun,Cool
551,Taj Mahal,Uttar Pradesh,Historical,8.374491709395679,Nov-Feb,Hot
552,Goa Beaches,Goa,Beach,8.564998979974378,Nov-Mar,Warm
553,Jaipur City,Rajasthan,City,9.40131781831434,Oct-Mar,Moderate
554,Kerala Backwaters,Kerala,Nature,9.025943210875612,Sep-Mar,Cool
555,Leh Ladakh,Jammu and Kashmir,Adventure,9.04217651721199,Apr-Jun,Cool
556,Taj Mahal,Uttar Pradesh,Historical,7.703776810764232,Nov-Feb,Hot
557,Goa Beaches,Goa,Beach,8.672185130404245,Nov-Mar,Warm
558,Jaipur City,Rajasthan,City,9.113897123897514,Oct-Mar,Moderate
559,Kerala Backwaters,Kerala,Nature,8.65327152196819,Sep-Mar,Cool
560,Leh Ladakh,Jammu and Kashmir,Adventure,9.252519204291165,Apr-Jun,Cool
561,Taj Mahal,Uttar Pradesh,Historical,9.456850743680612,Nov-Feb,Hot
562,Goa Beaches,Goa,Beach,9.310527198750878,Nov-Mar,Warm
563,Jaipur City,Rajasthan,City,7.952541968997334,Oct-Mar,Moderate
564,Kerala Backwaters,Kerala,Nature,8.870130228380821,Sep-Mar,Cool
565,Leh Ladakh,Jammu and Kashmir,Adventure,8.47880343825541,Apr-Jun,Cool
566,Taj Mahal,Uttar Pradesh,Historical,7.567818752588276,Nov-Feb,Hot
567,Goa Beaches,Goa,Beach,9.187761000514808,Nov-Mar,Warm
568,Jaipur City,Rajasthan,City,8.248703528475824,Oct-Mar,Moderate
569,Kerala Backwaters,Kerala,Nature,9.000157281763427,Sep-Mar,Cool
570,Leh Ladakh,Jammu and Kashmir,Adventure,7.748348707167752,Apr-Jun,Cool
571,Taj Mahal,Uttar Pradesh,Historical,9.193226492177772,Nov-Feb,Hot
572,Goa Beaches,Goa,Beach,8.29243960608129,Nov-Mar,Warm
573,Jaipur City,Rajasthan,City,9.155604744108183,Oct-Mar,Moderate
574,Kerala Backwaters,Kerala,Nature,7.553270853318885,Sep-Mar,Cool
575,Leh Ladakh,Jammu and Kashmir,Adventure,8.419067682490505,Apr-Jun,Cool
576,Taj Mahal,Uttar Pradesh,Historical,8.450301921040447,Nov-Feb,Hot
577,Goa Beaches,Goa,Beach,8.207209291443316,Nov-Mar,Warm
578,Jaipur City,Rajasthan,City,8.205781816540815,Oct-Mar,Moderate
579,Kerala Backwaters,Kerala,Nature,8.598752880266343,Sep-Mar,Cool
580,Leh Ladakh,Jammu and Kashmir,Adventure,8.998305590476127,Apr-Jun,Cool
581,Taj Mahal,Uttar Pradesh,Historical,9.01567151822585,Nov-Feb,Hot
582,Goa Beaches,Goa,Beach,7.779308047020037,Nov-Mar,Warm
583,Jaipur City,Rajasthan,City,8.45671070203574,Oct-Mar,Moderate
584,Kerala Backwaters,Kerala,Nature,7.877125609308293,Sep-Mar,Cool
585,Leh Ladakh,Jammu and Kashmir,Adventure,8.937350084907646,Apr-Jun,Cool
586,Taj Mahal,Uttar Pradesh,Historical,7.569722658093775,Nov-Feb,Hot
587,Goa Beaches,Goa,Beach,7.768523623167793,Nov-Mar,Warm
588,Jaipur City,Rajasthan,City,9.180141735009256,Oct-Mar,Moderate
589,Kerala Backwaters,Kerala,Nature,9.427997305985516,Sep-Mar,Cool
590,Leh Ladakh,Jammu and Kashmir,Adventure,8.17109010854659,Apr-Jun,Cool
591,Taj Mahal,Uttar Pradesh,Historical,8.148297385049217,Nov-Feb,Hot
592,Goa Beaches,Goa,Beach,9.168100701200414,Nov-Mar,Warm
593,Jaipur City,Rajasthan,City,9.468508271221934,Oct-Mar,Moderate
594,Kerala Backwaters,Kerala,Nature,8.618563706489919,Sep-Mar,Cool
595,Leh Ladakh,Jammu and Kashmir,Adventure,9.446618127599066,Apr-Jun,Cool
596,Taj Mahal,Uttar Pradesh,Historical,7.865548979182885,Nov-Feb,Hot
597,Goa Beaches,Goa,Beach,7.735247906037738,Nov-Mar,Warm
598,Jaipur City,Rajasthan,City,7.754720778868718,Oct-Mar,Moderate
599,Kerala Backwaters,Kerala,Nature,9.463041121922352,Sep-Mar,Cool
600,Leh Ladakh,Jammu and Kashmir,Adventure,9.390934664335951,Apr-Jun,Cool
601,Taj Mahal,Uttar Pradesh,Historical,7.679434820985951,Nov-Feb,Hot
602,Goa Beaches,Goa,Beach,8.330784565286411,Nov-Mar,Warm
603,Jaipur City,Rajasthan,City,8.51701771288866,Oct-Mar,Moderate
604,Kerala Backwaters,Kerala,Nature,9.298998286534964,Sep-Mar,Cool
605,Leh Ladakh,Jammu and Kashmir,Adventure,9.015692413525752,Apr-Jun,Cool
606,Taj Mahal,Uttar Pradesh,Historical,7.645870324298047,Nov-Feb,Hot
607,Goa Beaches,Goa,Beach,7.6520123514027665,Nov-Mar,Warm
608,Jaipur City,Rajasthan,City,8.443802951781302,Oct-Mar,Moderate
609,Kerala Backwaters,Kerala,Nature,8.29568641738167,Sep-Mar,Cool
610,Leh Ladakh,Jammu and Kashmir,Adventure,7.940660734256079,Apr-Jun,Cool
611,Taj Mahal,Uttar Pradesh,Historical,9.342123928378385,Nov-Feb,Hot
612,Goa Beaches,Goa,Beach,7.582948969365619,Nov-Mar,Warm
613,Jaipur City,Rajasthan,City,7.893422691754661,Oct-Mar,Moderate
614,Kerala Backwaters,Kerala,Nature,9.003574785226348,Sep-Mar,Cool
615,Leh Ladakh,Jammu and Kashmir,Adventure,8.810690633638737,Apr-Jun,Cool
616,Taj Mahal,Uttar Pradesh,Historical,9.200376502061246,Nov-Feb,Hot
617,Goa Beaches,Goa,Beach,9.097017238917031,Nov-Mar,Warm
618,Jaipur City,Rajasthan,City,8.39215366577806,Oct-Mar,Moderate
619,Kerala Backwaters,Kerala,Nature,9.4345443222489,Sep-Mar,Cool
620,Leh Ladakh,Jammu and Kashmir,Adventure,8.896288153040157,Apr-Jun,Cool
621,Taj Mahal,Uttar Pradesh,Historical,7.820265199039039,Nov-Feb,Hot
622,Goa Beaches,Goa,Beach,8.642272298087951,Nov-Mar,Warm
623,Jaipur City,Rajasthan,City,7.809114532022525,Oct-Mar,Moderate
624,Kerala Backwaters,Kerala,Nature,8.331131728498399,Sep-Mar,Cool
625,Leh Ladakh,Jammu and Kashmir,Adventure,8.352057126187718,Apr-Jun,Cool
626,Taj Mahal,Uttar Pradesh,Historical,7.64985755753062,Nov-Feb,Hot
627,Goa Beaches,Goa,Beach,7.949828337049644,Nov-Mar,Warm
628,Jaipur City,Rajasthan,City,9.28390783788805,Oct-Mar,Moderate
629,Kerala Backwaters,Kerala,Nature,7.674024425319291,Sep-Mar,Cool
630,Leh Ladakh,Jammu and Kashmir,Adventure,9.26454156504302,Apr-Jun,Cool
631,Taj Mahal,Uttar Pradesh,Historical,8.69173765365114,Nov-Feb,Hot
632,Goa Beaches,Goa,Beach,7.876158566558553,Nov-Mar,Warm
633,Jaipur City,Rajasthan,City,8.038341365095178,Oct-Mar,Moderate
634,Kerala Backwaters,Kerala,Nature,8.33060225072883,Sep-Mar,Cool
635,Leh Ladakh,Jammu and Kashmir,Adventure,8.512680031670806,Apr-Jun,Cool
636,Taj Mahal,Uttar Pradesh,Historical,8.591103123657849,Nov-Feb,Hot
637,Goa Beaches,Goa,Beach,9.155871192324602,Nov-Mar,Warm
638,Jaipur City,Rajasthan,City,9.315119560288965,Oct-Mar,Moderate
639,Kerala Backwaters,Kerala,Nature,9.081925622089122,Sep-Mar,Cool
640,Leh Ladakh,Jammu and Kashmir,Adventure,8.009714714967838,Apr-Jun,Cool
641,Taj Mahal,Uttar Pradesh,Historical,8.559749376912812,Nov-Feb,Hot
642,Goa Beaches,Goa,Beach,9.304705550324336,Nov-Mar,Warm
643,Jaipur City,Rajasthan,City,9.300321813290449,Oct-Mar,Moderate
644,Kerala Backwaters,Kerala,Nature,9.189377296102892,Sep-Mar,Cool
645,Leh Ladakh,Jammu and Kashmir,Adventure,9.16102966115886,Apr-Jun,Cool
646,Taj Mahal,Uttar Pradesh,Historical,8.90349451280123,Nov-Feb,Hot
647,Goa Beaches,Goa,Beach,9.00875189802598,Nov-Mar,Warm
648,Jaipur City,Rajasthan,City,8.771306422116705,Oct-Mar,Moderate
649,Kerala Backwaters,Kerala,Nature,8.167683021047935,Sep-Mar,Cool
650,Leh Ladakh,Jammu and Kashmir,Adventure,8.204607883952981,Apr-Jun,Cool
651,Taj Mahal,Uttar Pradesh,Historical,9.464391796425565,Nov-Feb,Hot
652,Goa Beaches,Goa,Beach,7.956162812949001,Nov-Mar,Warm
653,Jaipur City,Rajasthan,City,9.496920384788352,Oct-Mar,Moderate
654,Kerala Backwaters,Kerala,Nature,8.441880661939361,Sep-Mar,Cool
655,Leh Ladakh,Jammu and Kashmir,Adventure,8.769705210150947,Apr-Jun,Cool
656,Taj Mahal,Uttar Pradesh,Historical,9.032216296013203,Nov-Feb,Hot
657,Goa Beaches,Goa,Beach,9.350623282972432,Nov-Mar,Warm
658,Jaipur City,Rajasthan,City,9.008048228406723,Oct-Mar,Moderate
659,Kerala Backwaters,Kerala,Nature,7.991928056209089,Sep-Mar,Cool
660,Leh Ladakh,Jammu and Kashmir,Adventure,7.923387964302513,Apr-Jun,Cool
661,Taj Mahal,Uttar Pradesh,Historical,9.349513600175449,Nov-Feb,Hot
662,Goa Beaches,Goa,Beach,7.848867269009221,Nov-Mar,Warm
663,Jaipur City,Rajasthan,City,8.822604311521562,Oct-Mar,Moderate
664,Kerala Backwaters,Kerala,Nature,7.975932402561909,Sep-Mar,Cool
665,Leh Ladakh,Jammu and Kashmir,Adventure,8.175473128767925,Apr-Jun,Cool
666,Taj Mahal,Uttar Pradesh,Historical,8.535347955383795,Nov-Feb,Hot
667,Goa Beaches,Goa,Beach,7.97016084501826,Nov-Mar,Warm
668,Jaipur City,Rajasthan,City,7.593849734423116,Oct-Mar,Moderate
669,Kerala Backwaters,Kerala,Nature,7.840622429583862,Sep-Mar,Cool
670,Leh Ladakh,Jammu and Kashmir,Adventure,7.809939225539317,Apr-Jun,Cool
671,Taj Mahal,Uttar Pradesh,Historical,9.406991630850325,Nov-Feb,Hot
672,Goa Beaches,Goa,Beach,7.687336809771084,Nov-Mar,Warm
673,Jaipur City,Rajasthan,City,7.818407810021514,Oct-Mar,Moderate
674,Kerala Backwaters,Kerala,Nature,8.000500722385876,Sep-Mar,Cool
675,Leh Ladakh,Jammu and Kashmir,Adventure,8.944718004457487,Apr-Jun,Cool
676,Taj Mahal,Uttar Pradesh,Historical,9.263552559071387,Nov-Feb,Hot
677,Goa Beaches,Goa,Beach,8.565346616052354,Nov-Mar,Warm
678,Jaipur City,Rajasthan,City,8.104480470792156,Oct-Mar,Moderate
679,Kerala Backwaters,Kerala,Nature,7.841584036663998,Sep-Mar,Cool
680,Leh Ladakh,Jammu and Kashmir,Adventure,9.159638354049664,Apr-Jun,Cool
681,Taj Mahal,Uttar Pradesh,Historical,8.748130652752925,Nov-Feb,Hot
682,Goa Beaches,Goa,Beach,8.57790096253945,Nov-Mar,Warm
683,Jaipur City,Rajasthan,City,8.419040819940108,Oct-Mar,Moderate
684,Kerala Backwaters,Kerala,Nature,9.465996074743892,Sep-Mar,Cool
685,Leh Ladakh,Jammu and Kashmir,Adventure,7.598827165312162,Apr-Jun,Cool
686,Taj Mahal,Uttar Pradesh,Historical,8.260858751837267,Nov-Feb,Hot
687,Goa Beaches,Goa,Beach,8.036441481700162,Nov-Mar,Warm
688,Jaipur City,Rajasthan,City,8.056619012437265,Oct-Mar,Moderate
689,Kerala Backwaters,Kerala,Nature,8.133852314473286,Sep-Mar,Cool
690,Leh Ladakh,Jammu and Kashmir,Adventure,8.195260134545546,Apr-Jun,Cool
691,Taj Mahal,Uttar Pradesh,Historical,8.887068416502617,Nov-Feb,Hot
692,Goa Beaches,Goa,Beach,8.822980009436904,Nov-Mar,Warm
693,Jaipur City,Rajasthan,City,8.397475308756675,Oct-Mar,Moderate
694,Kerala Backwaters,Kerala,Nature,9.22776324553234,Sep-Mar,Cool
695,Leh Ladakh,Jammu and Kashmir,Adventure,9.288646088702306,Apr-Jun,Cool
696,Taj Mahal,Uttar Pradesh,Historical,8.627961321716496,Nov-Feb,Hot
697,Goa Beaches,Goa,Beach,8.419227436314172,Nov-Mar,Warm
698,Jaipur City,Rajasthan,City,8.305889899010864,Oct-Mar,Moderate
699,Kerala Backwaters,Kerala,Nature,7.6569626144692755,Sep-Mar,Cool
700,Leh Ladakh,Jammu and Kashmir,Adventure,8.87865289903948,Apr-Jun,Cool
701,Taj Mahal,Uttar Pradesh,Historical,8.814028636189173,Nov-Feb,Hot
702,Goa Beaches,Goa,Beach,9.111768717459087,Nov-Mar,Warm
703,Jaipur City,Rajasthan,City,8.56369804176352,Oct-Mar,Moderate
704,Kerala Backwaters,Kerala,Nature,7.917510991611324,Sep-Mar,Cool
705,Leh Ladakh,Jammu and Kashmir,Adventure,8.371945150547274,Apr-Jun,Cool
706,Taj Mahal,Uttar Pradesh,Historical,9.023746389658204,Nov-Feb,Hot
707,Goa Beaches,Goa,Beach,8.629118750166763,Nov-Mar,Warm
708,Jaipur City,Rajasthan,City,8.844219597824981,Oct-Mar,Moderate
709,Kerala Backwaters,Kerala,Nature,9.155527396194914,Sep-Mar,Cool
710,Leh Ladakh,Jammu and Kashmir,Adventure,9.03152474709979,Apr-Jun,Cool
711,Taj Mahal,Uttar Pradesh,Historical,8.636551596129936,Nov-Feb,Hot
712,Goa Beaches,Goa,Beach,8.810464389396717,Nov-Mar,Warm
713,Jaipur City,Rajasthan,City,8.24455368678293,Oct-Mar,Moderate
714,Kerala Backwaters,Kerala,Nature,8.655670235424626,Sep-Mar,Cool
715,Leh Ladakh,Jammu and Kashmir,Adventure,8.402277983035928,Apr-Jun,Cool
716,Taj Mahal,Uttar Pradesh,Historical,8.878654587888997,Nov-Feb,Hot
717,Goa Beaches,Goa,Beach,8.367306496099209,Nov-Mar,Warm
718,Jaipur City,Rajasthan,City,9.203460228257162,Oct-Mar,Moderate
719,Kerala Backwaters,Kerala,Nature,8.603678777019319,Sep-Mar,Cool
720,Leh Ladakh,Jammu and Kashmir,Adventure,8.034817273030939,Apr-Jun,Cool
721,Taj Mahal,Uttar Pradesh,Historical,8.931632119904084,Nov-Feb,Hot
722,Goa Beaches,Goa,Beach,9.389779698220083,Nov-Mar,Warm
723,Jaipur City,Rajasthan,City,8.279131951554369,Oct-Mar,Moderate
724,Kerala Backwaters,Kerala,Nature,7.925686613406978,Sep-Mar,Cool
725,Leh Ladakh,Jammu and Kashmir,Adventure,9.339552233237942,Apr-Jun,Cool
726,Taj Mahal,Uttar Pradesh,Historical,8.182156495747552,Nov-Feb,Hot
727,Goa Beaches,Goa,Beach,7.714387334549871,Nov-Mar,Warm
728,Jaipur City,Rajasthan,City,9.09930562784097,Oct-Mar,Moderate
729,Kerala Backwaters,Kerala,Nature,8.569879157443847,Sep-Mar,Cool
730,Leh Ladakh,Jammu and Kashmir,Adventure,7.896272170257733,Apr-Jun,Cool
731,Taj Mahal,Uttar Pradesh,Historical,9.20644321253904,Nov-Feb,Hot
732,Goa Beaches,Goa,Beach,8.465381843255685,Nov-Mar,Warm
733,Jaipur City,Rajasthan,City,8.703584273601871,Oct-Mar,Moderate
734,Kerala Backwaters,Kerala,Nature,8.248600725902943,Sep-Mar,Cool
735,Leh Ladakh,Jammu and Kashmir,Adventure,8.514869186476712,Apr-Jun,Cool
736,Taj Mahal,Uttar Pradesh,Historical,9.088805186403164,Nov-Feb,Hot
737,Goa Beaches,Goa,Beach,9.413701353656403,Nov-Mar,Warm
738,Jaipur City,Rajasthan,City,8.053822692109417,Oct-Mar,Moderate
739,Kerala Backwaters,Kerala,Nature,8.372037385587443,Sep-Mar,Cool
740,Leh Ladakh,Jammu and Kashmir,Adventure,9.263891738676694,Apr-Jun,Cool
741,Taj Mahal,Uttar Pradesh,Historical,7.72777553164018,Nov-Feb,Hot
742,Goa Beaches,Goa,Beach,8.532765536915521,Nov-Mar,Warm
743,Jaipur City,Rajasthan,City,7.727596682180292,Oct-Mar,Moderate
744,Kerala Backwaters,Kerala,Nature,8.203211682328114,Sep-Mar,Cool
745,Leh Ladakh,Jammu and Kashmir,Adventure,7.933373924579141,Apr-Jun,Cool
746,Taj Mahal,Uttar Pradesh,Historical,9.059361289382425,Nov-Feb,Hot
747,Goa Beaches,Goa,Beach,8.350906820188296,Nov-Mar,Warm
748,Jaipur City,Rajasthan,City,8.719936425969232,Oct-Mar,Moderate
749,Kerala Backwaters,Kerala,Nature,8.931736559795393,Sep-Mar,Cool
750,Leh Ladakh,Jammu and Kashmir,Adventure,8.956458952804828,Apr-Jun,Cool
751,Taj Mahal,Uttar Pradesh,Historical,7.790538404306647,Nov-Feb,Hot
752,Goa Beaches,Goa,Beach,8.539108136038704,Nov-Mar,Warm
753,Jaipur City,Rajasthan,City,8.594748337394,Oct-Mar,Moderate
754,Kerala Backwaters,Kerala,Nature,8.084015245138538,Sep-Mar,Cool
755,Leh Ladakh,Jammu and Kashmir,Adventure,7.734281734271488,Apr-Jun,Cool
756,Taj Mahal,Uttar Pradesh,Historical,8.54760827518156,Nov-Feb,Hot
757,Goa Beaches,Goa,Beach,7.644463430707246,Nov-Mar,Warm
758,Jaipur City,Rajasthan,City,9.12139535266794,Oct-Mar,Moderate
759,Kerala Backwaters,Kerala,Nature,8.72751759235414,Sep-Mar,Cool
760,Leh Ladakh,Jammu and Kashmir,Adventure,8.352180026398809,Apr-Jun,Cool
761,Taj Mahal,Uttar Pradesh,Historical,9.36014231646272,Nov-Feb,Hot
762,Goa Beaches,Goa,Beach,8.147811499679674,Nov-Mar,Warm
763,Jaipur City,Rajasthan,City,8.90257550420428,Oct-Mar,Moderate
764,Kerala Backwaters,Kerala,Nature,8.506724060467622,Sep-Mar,Cool
765,Leh Ladakh,Jammu and Kashmir,Adventure,8.62458625744304,Apr-Jun,Cool
766,Taj Mahal,Uttar Pradesh,Historical,8.145328815121932,Nov-Feb,Hot
767,Goa Beaches,Goa,Beach,8.24362221802096,Nov-Mar,Warm
768,Jaipur City,Rajasthan,City,7.596634440314337,Oct-Mar,Moderate
769,Kerala Backwaters,Kerala,Nature,7.57663598347406,Sep-Mar,Cool
770,Leh Ladakh,Jammu and Kashmir,Adventure,9.08102960007878,Apr-Jun,Cool
771,Taj Mahal,Uttar Pradesh,Historical,8.129988976860952,Nov-Feb,Hot
772,Goa Beaches,Goa,Beach,9.13732713238196,Nov-Mar,Warm
773,Jaipur City,Rajasthan,City,8.784997932243503,Oct-Mar,Moderate
774,Kerala Backwaters,Kerala,Nature,8.038663649202402,Sep-Mar,Cool
775,Leh Ladakh,Jammu and Kashmir,Adventure,8.079156318407351,Apr-Jun,Cool
776,Taj Mahal,Uttar Pradesh,Historical,8.459363313306993,Nov-Feb,Hot
777,Goa Beaches,Goa,Beach,9.046231352406494,Nov-Mar,Warm
778,Jaipur City,Rajasthan,City,9.200907306361843,Oct-Mar,Moderate
779,Kerala Backwaters,Kerala,Nature,8.861507015552508,Sep-Mar,Cool
780,Leh Ladakh,Jammu and Kashmir,Adventure,9.291685937704914,Apr-Jun,Cool
781,Taj Mahal,Uttar Pradesh,Historical,8.531079521858732,Nov-Feb,Hot
782,Goa Beaches,Goa,Beach,8.99783225118662,Nov-Mar,Warm
783,Jaipur City,Rajasthan,City,8.528348193854123,Oct-Mar,Moderate
784,Kerala Backwaters,Kerala,Nature,8.317882740052342,Sep-Mar,Cool
785,Leh Ladakh,Jammu and Kashmir,Adventure,9.366933345133754,Apr-Jun,Cool
786,Taj Mahal,Uttar Pradesh,Historical,8.389205905418272,Nov-Feb,Hot
787,Goa Beaches,Goa,Beach,9.44212563021952,Nov-Mar,Warm
788,Jaipur City,Rajasthan,City,8.223627062910356,Oct-Mar,Moderate
789,Kerala Backwaters,Kerala,Nature,8.174235795355958,Sep-Mar,Cool
790,Leh Ladakh,Jammu and Kashmir,Adventure,9.157720701508042,Apr-Jun,Cool
791,Taj Mahal,Uttar Pradesh,Historical,9.42168809807716,Nov-Feb,Hot
792,Goa Beaches,Goa,Beach,7.50562874119151,Nov-Mar,Warm
793,Jaipur City,Rajasthan,City,7.781580260307882,Oct-Mar,Moderate
794,Kerala Backwaters,Kerala,Nature,8.531159787998941,Sep-Mar,Cool
795,Leh Ladakh,Jammu and Kashmir,Adventure,8.189514727765914,Apr-Jun,Cool
796,Taj Mahal,Uttar Pradesh,Historical,9.243698788707544,Nov-Feb,Hot
797,Goa Beaches,Goa,Beach,9.120638441373126,Nov-Mar,Warm
798,Jaipur City,Rajasthan,City,7.608875043089363,Oct-Mar,Moderate
799,Kerala Backwaters,Kerala,Nature,9.078902378388406,Sep-Mar,Cool
800,Leh Ladakh,Jammu and Kashmir,Adventure,7.972030910129,Apr-Jun,Cool
801,Taj Mahal,Uttar Pradesh,Historical,9.157148625977571,Nov-Feb,Hot
802,Goa Beaches,Goa,Beach,9.41083109431862,Nov-Mar,Warm
803,Jaipur City,Rajasthan,City,9.31045957210701,Oct-Mar,Moderate
804,Kerala Backwaters,Kerala,Nature,8.208242452766306,Sep-Mar,Cool
805,Leh Ladakh,Jammu and Kashmir,Adventure,8.410141709638284,Apr-Jun,Cool
806,Taj Mahal,Uttar Pradesh,Historical,8.576757876815993,Nov-Feb,Hot
807,Goa Beaches,Goa,Beach,9.178994029748877,Nov-Mar,Warm
808,Jaipur City,Rajasthan,City,8.01406881114496,Oct-Mar,Moderate
809,Kerala Backwaters,Kerala,Nature,7.8442566698712035,Sep-Mar,Cool
810,Leh Ladakh,Jammu and Kashmir,Adventure,8.161053310539785,Apr-Jun,Cool
811,Taj Mahal,Uttar Pradesh,Historical,9.393805813478073,Nov-Feb,Hot
812,Goa Beaches,Goa,Beach,9.006784740288401,Nov-Mar,Warm
813,Jaipur City,Rajasthan,City,8.336255248752801,Oct-Mar,Moderate
814,Kerala Backwaters,Kerala,Nature,7.589205999248015,Sep-Mar,Cool
815,Leh Ladakh,Jammu and Kashmir,Adventure,9.220824441474456,Apr-Jun,Cool
816,Taj Mahal,Uttar Pradesh,Historical,9.423987379093196,Nov-Feb,Hot
817,Goa Beaches,Goa,Beach,7.999026975129425,Nov-Mar,Warm
818,Jaipur City,Rajasthan,City,8.385706717073933,Oct-Mar,Moderate
819,Kerala Backwaters,Kerala,Nature,7.562622503552138,Sep-Mar,Cool
820,Leh Ladakh,Jammu and Kashmir,Adventure,8.772244496732984,Apr-Jun,Cool
821,Taj Mahal,Uttar Pradesh,Historical,8.853137683108654,Nov-Feb,Hot
822,Goa Beaches,Goa,Beach,9.22889675552697,Nov-Mar,Warm
823,Jaipur City,Rajasthan,City,8.501224868997667,Oct-Mar,Moderate
824,Kerala Backwaters,Kerala,Nature,9.206043310589514,Sep-Mar,Cool
825,Leh Ladakh,Jammu and Kashmir,Adventure,7.943715893520679,Apr-Jun,Cool
826,Taj Mahal,Uttar Pradesh,Historical,8.277156854345177,Nov-Feb,Hot
827,Goa Beaches,Goa,Beach,8.377495779286125,Nov-Mar,Warm
828,Jaipur City,Rajasthan,City,7.804063905354139,Oct-Mar,Moderate
829,Kerala Backwaters,Kerala,Nature,9.073371866855572,Sep-Mar,Cool
830,Leh Ladakh,Jammu and Kashmir,Adventure,7.928094923060946,Apr-Jun,Cool
831,Taj Mahal,Uttar Pradesh,Historical,8.771961835427916,Nov-Feb,Hot
832,Goa Beaches,Goa,Beach,9.366867008044636,Nov-Mar,Warm
833,Jaipur City,Rajasthan,City,7.976891811337149,Oct-Mar,Moderate
834,Kerala Backwaters,Kerala,Nature,8.329340966088974,Sep-Mar,Cool
835,Leh Ladakh,Jammu and Kashmir,Adventure,8.622267855355735,Apr-Jun,Cool
836,Taj Mahal,Uttar Pradesh,Historical,7.789458969308924,Nov-Feb,Hot
837,Goa Beaches,Goa,Beach,9.49270628520052,Nov-Mar,Warm
838,Jaipur City,Rajasthan,City,7.6511899073828,Oct-Mar,Moderate
839,Kerala Backwaters,Kerala,Nature,9.19673720089384,Sep-Mar,Cool
840,Leh Ladakh,Jammu and Kashmir,Adventure,7.93351873337229,Apr-Jun,Cool
841,Taj Mahal,Uttar Pradesh,Historical,8.641198251436522,Nov-Feb,Hot
842,Goa Beaches,Goa,Beach,8.784629096343433,Nov-Mar,Warm
843,Jaipur City,Rajasthan,City,9.191194972792676,Oct-Mar,Moderate
844,Kerala Backwaters,Kerala,Nature,9.173580627388572,Sep-Mar,Cool
845,Leh Ladakh,Jammu and Kashmir,Adventure,8.669449269625428,Apr-Jun,Cool
846,Taj Mahal,Uttar Pradesh,Historical,8.971338259095013,Nov-Feb,Hot
847,Goa Beaches,Goa,Beach,7.790585198400288,Nov-Mar,Warm
848,Jaipur City,Rajasthan,City,9.02991974288286,Oct-Mar,Moderate
849,Kerala Backwaters,Kerala,Nature,8.749274375887886,Sep-Mar,Cool
850,Leh Ladakh,Jammu and Kashmir,Adventure,8.64491136642723,Apr-Jun,Cool
851,Taj Mahal,Uttar Pradesh,Historical,9.33544112557844,Nov-Feb,Hot
852,Goa Beaches,Goa,Beach,8.287492091663,Nov-Mar,Warm
853,Jaipur City,Rajasthan,City,9.04694477176505,Oct-Mar,Moderate
854,Kerala Backwaters,Kerala,Nature,9.33810388495833,Sep-Mar,Cool
855,Leh Ladakh,Jammu and Kashmir,Adventure,8.913268954871437,Apr-Jun,Cool
856,Taj Mahal,Uttar Pradesh,Historical,7.668691908852082,Nov-Feb,Hot
857,Goa Beaches,Goa,Beach,9.027677154981644,Nov-Mar,Warm
858,Jaipur City,Rajasthan,City,8.491365337579884,Oct-Mar,Moderate
859,Kerala Backwaters,Kerala,Nature,7.921623278868692,Sep-Mar,Cool
860,Leh Ladakh,Jammu and Kashmir,Adventure,7.7202244959060975,Apr-Jun,Cool
861,Taj Mahal,Uttar Pradesh,Historical,7.824049108063554,Nov-Feb,Hot
862,Goa Beaches,Goa,Beach,8.527437466841967,Nov-Mar,Warm
863,Jaipur City,Rajasthan,City,7.5288565248227135,Oct-Mar,Moderate
864,Kerala Backwaters,Kerala,Nature,9.147968243343048,Sep-Mar,Cool
865,Leh Ladakh,Jammu and Kashmir,Adventure,8.989187748130234,Apr-Jun,Cool
866,Taj Mahal,Uttar Pradesh,Historical,8.15752225096045,Nov-Feb,Hot
867,Goa Beaches,Goa,Beach,7.544784240485142,Nov-Mar,Warm
868,Jaipur City,Rajasthan,City,8.498230857041534,Oct-Mar,Moderate
869,Kerala Backwaters,Kerala,Nature,7.67787032728221,Sep-Mar,Cool
870,Leh Ladakh,Jammu and Kashmir,Adventure,8.31662363535272,Apr-Jun,Cool
871,Taj Mahal,Uttar Pradesh,Historical,7.643206988401131,Nov-Feb,Hot
872,Goa Beaches,Goa,Beach,9.413328344476888,Nov-Mar,Warm
873,Jaipur City,Rajasthan,City,9.231967797202106,Oct-Mar,Moderate
874,Kerala Backwaters,Kerala,Nature,8.671636575343907,Sep-Mar,Cool
875,Leh Ladakh,Jammu and Kashmir,Adventure,8.98297001694882,Apr-Jun,Cool
876,Taj Mahal,Uttar Pradesh,Historical,8.796715429177867,Nov-Feb,Hot
877,Goa Beaches,Goa,Beach,7.911432523928271,Nov-Mar,Warm
878,Jaipur City,Rajasthan,City,7.601483087639889,Oct-Mar,Moderate
879,Kerala Backwaters,Kerala,Nature,8.309631133912779,Sep-Mar,Cool
880,Leh Ladakh,Jammu and Kashmir,Adventure,8.442750358263288,Apr-Jun,Cool
881,Taj Mahal,Uttar Pradesh,Historical,8.278291770000452,Nov-Feb,Hot
882,Goa Beaches,Goa,Beach,8.449238005542009,Nov-Mar,Warm
883,Jaipur City,Rajasthan,City,7.95494238797158,Oct-Mar,Moderate
884,Kerala Backwaters,Kerala,Nature,9.241444802843858,Sep-Mar,Cool
885,Leh Ladakh,Jammu and Kashmir,Adventure,9.03191394329098,Apr-Jun,Cool
886,Taj Mahal,Uttar Pradesh,Historical,7.713067194844037,Nov-Feb,Hot
887,Goa Beaches,Goa,Beach,7.590325473167349,Nov-Mar,Warm
888,Jaipur City,Rajasthan,City,8.968588466673665,Oct-Mar,Moderate
889,Kerala Backwaters,Kerala,Nature,9.002930521303405,Sep-Mar,Cool
890,Leh Ladakh,Jammu and Kashmir,Adventure,7.743039575412055,Apr-Jun,Cool
891,Taj Mahal,Uttar Pradesh,Historical,9.223991095114595,Nov-Feb,Hot
892,Goa Beaches,Goa,Beach,8.86432839457484,Nov-Mar,Warm
893,Jaipur City,Rajasthan,City,8.375786034039642,Oct-Mar,Moderate
894,Kerala Backwaters,Kerala,Nature,8.8155969048925,Sep-Mar,Cool
895,Leh Ladakh,Jammu and Kashmir,Adventure,8.011096326725276,Apr-Jun,Cool
896,Taj Mahal,Uttar Pradesh,Historical,8.775168604432578,Nov-Feb,Hot
897,Goa Beaches,Goa,Beach,8.342976753551683,Nov-Mar,Warm
898,Jaipur City,Rajasthan,City,8.311533772217603,Oct-Mar,Moderate
899,Kerala Backwaters,Kerala,Nature,8.575304720464212,Sep-Mar,Cool
900,Leh Ladakh,Jammu and Kashmir,Adventure,8.81228742963959,Apr-Jun,Cool
901,Taj Mahal,Uttar Pradesh,Historical,7.94384380620817,Nov-Feb,Hot
902,Goa Beaches,Goa,Beach,9.115849499250787,Nov-Mar,Warm
903,Jaipur City,Rajasthan,City,8.253494745892702,Oct-Mar,Moderate
904,Kerala Backwaters,Kerala,Nature,8.574376628395806,Sep-Mar,Cool
905,Leh Ladakh,Jammu and Kashmir,Adventure,8.13644498964263,Apr-Jun,Cool
906,Taj Mahal,Uttar Pradesh,Historical,8.619770095066015,Nov-Feb,Hot
907,Goa Beaches,Goa,Beach,8.06914958687841,Nov-Mar,Warm
908,Jaipur City,Rajasthan,City,8.452641011322342,Oct-Mar,Moderate
909,Kerala Backwaters,Kerala,Nature,8.740400669784297,Sep-Mar,Cool
910,Leh Ladakh,Jammu and Kashmir,Adventure,8.569335477200543,Apr-Jun,Cool
911,Taj Mahal,Uttar Pradesh,Historical,7.685181358142892,Nov-Feb,Hot
912,Goa Beaches,Goa,Beach,9.4380138836961,Nov-Mar,Warm
913,Jaipur City,Rajasthan,City,7.58801460622224,Oct-Mar,Moderate
914,Kerala Backwaters,Kerala,Nature,9.285417260653366,Sep-Mar,Cool
915,Leh Ladakh,Jammu and Kashmir,Adventure,7.85112195819902,Apr-Jun,Cool
916,Taj Mahal,Uttar Pradesh,Historical,9.39676149780104,Nov-Feb,Hot
917,Goa Beaches,Goa,Beach,7.545108072258168,Nov-Mar,Warm
918,Jaipur City,Rajasthan,City,9.371201913686736,Oct-Mar,Moderate
919,Kerala Backwaters,Kerala,Nature,9.252136618345416,Sep-Mar,Cool
920,Leh Ladakh,Jammu and Kashmir,Adventure,7.584679630283544,Apr-Jun,Cool
921,Taj Mahal,Uttar Pradesh,Historical,8.685684922550122,Nov-Feb,Hot
922,Goa Beaches,Goa,Beach,9.298024384615864,Nov-Mar,Warm
923,Jaipur City,Rajasthan,City,7.821684368681256,Oct-Mar,Moderate
924,Kerala Backwaters,Kerala,Nature,8.644015149109247,Sep-Mar,Cool
925,Leh Ladakh,Jammu and Kashmir,Adventure,7.801125565121017,Apr-Jun,Cool
926,Taj Mahal,Uttar Pradesh,Historical,8.324741876265339,Nov-Feb,Hot
927,Goa Beaches,Goa,Beach,7.741214133839709,Nov-Mar,Warm
928,Jaipur City,Rajasthan,City,8.026833743679079,Oct-Mar,Moderate
929,Kerala Backwaters,Kerala,Nature,8.66318905277383,Sep-Mar,Cool
930,Leh Ladakh,Jammu and Kashmir,Adventure,8.54331105953082,Apr-Jun,Cool
931,Taj Mahal,Uttar Pradesh,Historical,9.309322896703316,Nov-Feb,Hot
932,Goa Beaches,Goa,Beach,7.936004330312837,Nov-Mar,Warm
933,Jaipur City,Rajasthan,City,9.274200565698507,Oct-Mar,Moderate
934,Kerala Backwaters,Kerala,Nature,7.904577589196294,Sep-Mar,Cool
935,Leh Ladakh,Jammu and Kashmir,Adventure,8.473490132236787,Apr-Jun,Cool
936,Taj Mahal,Uttar Pradesh,Historical,8.02055897257851,Nov-Feb,Hot
937,Goa Beaches,Goa,Beach,8.257655225773263,Nov-Mar,Warm
938,Jaipur City,Rajasthan,City,9.20608066746193,Oct-Mar,Moderate
939,Kerala Backwaters,Kerala,Nature,8.40872418732025,Sep-Mar,Cool
940,Leh Ladakh,Jammu and Kashmir,Adventure,7.737707489631597,Apr-Jun,Cool
941,Taj Mahal,Uttar Pradesh,Historical,8.645046758887661,Nov-Feb,Hot
942,Goa Beaches,Goa,Beach,8.702652455921308,Nov-Mar,Warm
943,Jaipur City,Rajasthan,City,9.106183997228763,Oct-Mar,Moderate
944,Kerala Backwaters,Kerala,Nature,9.429650079998778,Sep-Mar,Cool
945,Leh Ladakh,Jammu and Kashmir,Adventure,7.537510610841785,Apr-Jun,Cool
946,Taj Mahal,Uttar Pradesh,Historical,8.012249945176515,Nov-Feb,Hot
947,Goa Beaches,Goa,Beach,7.619280847171351,Nov-Mar,Warm
948,Jaipur City,Rajasthan,City,7.708772719956032,Oct-Mar,Moderate
949,Kerala Backwaters,Kerala,Nature,9.087608839185751,Sep-Mar,Cool
950,Leh Ladakh,Jammu and Kashmir,Adventure,7.671909274040946,Apr-Jun,Cool
951,Taj Mahal,Uttar Pradesh,Historical,8.365692888254666,Nov-Feb,Hot
952,Goa Beaches,Goa,Beach,8.123015873320766,Nov-Mar,Warm
953,Jaipur City,Rajasthan,City,8.321398766693164,Oct-Mar,Moderate
954,Kerala Backwaters,Kerala,Nature,9.192148287990324,Sep-Mar,Cool
955,Leh Ladakh,Jammu and Kashmir,Adventure,8.10676258457348,Apr-Jun,Cool
956,Taj Mahal,Uttar Pradesh,Historical,9.240773308493525,Nov-Feb,Hot
957,Goa Beaches,Goa,Beach,9.319617878220548,Nov-Mar,Warm
958,Jaipur City,Rajasthan,City,7.932950633090041,Oct-Mar,Moderate
959,Kerala Backwaters,Kerala,Nature,9.052548436473314,Sep-Mar,Cool
960,Leh Ladakh,Jammu and Kashmir,Adventure,8.925500312367074,Apr-Jun,Cool
961,Taj Mahal,Uttar Pradesh,Historical,8.385107105120452,Nov-Feb,Hot
962,Goa Beaches,Goa,Beach,9.210850998967874,Nov-Mar,Warm
963,Jaipur City,Rajasthan,City,8.81434371431127,Oct-Mar,Moderate
964,Kerala Backwaters,Kerala,Nature,8.86184135941464,Sep-Mar,Cool
965,Leh Ladakh,Jammu and Kashmir,Adventure,8.636537892208446,Apr-Jun,Cool
966,Taj Mahal,Uttar Pradesh,Historical,9.140527124056437,Nov-Feb,Hot
967,Goa Beaches,Goa,Beach,7.528727096669634,Nov-Mar,Warm
968,Jaipur City,Rajasthan,City,9.06097855232804,Oct-Mar,Moderate
969,Kerala Backwaters,Kerala,Nature,9.409359526915562,Sep-Mar,Cool
970,Leh Ladakh,Jammu and Kashmir,Adventure,9.01310124502825,Apr-Jun,Cool
971,Taj Mahal,Uttar Pradesh,Historical,8.372423129319028,Nov-Feb,Hot
972,Goa Beaches,Goa,Beach,9.215187537133938,Nov-Mar,Warm
973,Jaipur City,Rajasthan,City,8.565934397421195,Oct-Mar,Moderate
974,Kerala Backwaters,Kerala,Nature,7.686987873824284,Sep-Mar,Cool
975,Leh Ladakh,Jammu and Kashmir,Adventure,8.780722103503646,Apr-Jun,Cool
976,Taj Mahal,Uttar Pradesh,Historical,8.008536059147975,Nov-Feb,Hot
977,Goa Beaches,Goa,Beach,8.499576395856343,Nov-Mar,Warm
978,Jaipur City,Rajasthan,City,8.519173371272599,Oct-Mar,Moderate
979,Kerala Backwaters,Kerala,Nature,9.08174574800675,Sep-Mar,Cool
980,Leh Ladakh,Jammu and Kashmir,Adventure,9.347621264963776,Apr-Jun,Cool
981,Taj Mahal,Uttar Pradesh,Historical,8.732673715422088,Nov-Feb,Hot
982,Goa Beaches,Goa,Beach,8.841048136040031,Nov-Mar,Warm
983,Jaipur City,Rajasthan,City,9.08021631984698,Oct-Mar,Moderate
984,Kerala Backwaters,Kerala,Nature,7.748098699266505,Sep-Mar,Cool
985,Leh Ladakh,Jammu and Kashmir,Adventure,9.034655060888772,Apr-Jun,Cool
986,Taj Mahal,Uttar Pradesh,Historical,8.108715094313126,Nov-Feb,Hot
987,Goa Beaches,Goa,Beach,9.499811031053753,Nov-Mar,Warm
988,Jaipur City,Rajasthan,City,7.96234787124329,Oct-Mar,Moderate
989,Kerala Backwaters,Kerala,Nature,8.208087955185452,Sep-Mar,Cool
990,Leh Ladakh,Jammu and Kashmir,Adventure,8.117425964659915,Apr-Jun,Cool
991,Taj Mahal,Uttar Pradesh,Historical,8.20738838115243,Nov-Feb,Hot
992,Goa Beaches,Goa,Beach,8.114747172536235,Nov-Mar,Warm
993,Jaipur City,Rajasthan,City,8.19515468129691,Oct-Mar,Moderate
994,Kerala Backwaters,Kerala,Nature,8.165291117364324,Sep-Mar,Cool
995,Leh Ladakh,Jammu and Kashmir,Adventure,7.74636736837115,Apr-Jun,Cool
996,Taj Mahal,Uttar Pradesh,Historical,8.13381819081494,Nov-Feb,Hot
997,Goa Beaches,Goa,Beach,8.203518828553301,Nov-Mar,Warm
998,Jaipur City,Rajasthan,City,8.308435430056575,Oct-Mar,Moderate
999,Kerala Backwaters,Kerala,Nature,8.961740523595862,Sep-Mar,Cool
1000,Leh Ladakh,Jammu and Kashmir,Adventure,8.939036209396416,Apr-Jun,Cool
